create table tb_class (id int8 generated by default as identity, begin_date date not null, status varchar(255), vacancy int4 not null, id_course int8, subject_id int8, teacher_id int8, primary key (id));
create table tb_class_students (school_class_id int8 not null, students_id int8 not null, primary key (school_class_id, students_id));
create table tb_course (id int8 generated by default as identity, course_value float8 not null, maximum_grade float8 not null, minimum_grade float8 not null, name varchar(255) not null, workload int4 not null, primary key (id));
create table tb_student (id int8 generated by default as identity, birthdate date not null, cpf varchar(14) not null, email varchar(255) not null, enrollment_status varchar(255) not null, name varchar(255) not null, course_id int8, primary key (id));
create table tb_subject (id int8 generated by default as identity, name varchar(255), primary key (id));
create table tb_teacher (id int8 generated by default as identity, cpf varchar(255) not null, name varchar(255) not null, primary key (id));
alter table if exists tb_class add constraint FKtqcol65m2fq8sa41c3m8v0lll foreign key (id_course) references tb_course;
alter table if exists tb_class add constraint FKj7bvt8o1nixybydo2whm0f14m foreign key (subject_id) references tb_subject;
alter table if exists tb_class add constraint FKf07j5p92n67y47ivm9lpse973 foreign key (teacher_id) references tb_teacher;
alter table if exists tb_class_students add constraint FKjuuao3qt18aq5q7pb9hmagn5 foreign key (students_id) references tb_student;
alter table if exists tb_class_students add constraint FK9uko28g8wv3ke6imye7l8lvhq foreign key (school_class_id) references tb_class;
alter table if exists tb_student add constraint FKhampbkjvm4j2eicf3scylbxmu foreign key (course_id) references tb_course;
INSERT INTO TB_SUBJECT(ID, NAME) VALUES (1, 'Algoritmos e Programação');
INSERT INTO TB_SUBJECT(ID, NAME) VALUES (2, 'Análise e Projeto de Algoritmos');
INSERT INTO TB_SUBJECT(ID, NAME) VALUES (3, 'Análise e Projeto de Software');
INSERT INTO TB_SUBJECT(ID, NAME) VALUES (4, 'Arquitetura e Organização de Computadores');
INSERT INTO TB_SUBJECT(ID, NAME) VALUES (5, 'Arquitetura e Organização de Computadores II');
INSERT INTO TB_SUBJECT(ID, NAME) VALUES (6, 'Banco de Dados');
INSERT INTO TB_SUBJECT(ID, NAME) VALUES (7, 'Banco de Dados II');
INSERT INTO TB_SUBJECT(ID, NAME) VALUES (8, 'Circuitos Digitais');
INSERT INTO TB_SUBJECT(ID, NAME) VALUES (9, 'Compiladores');
INSERT INTO TB_SUBJECT(ID, NAME) VALUES (10, 'Comprovação de Competência na Leitura de Textos em Língua Inglesa');
INSERT INTO TB_SUBJECT(ID, NAME) VALUES (11, 'Computação Científica');
INSERT INTO TB_SUBJECT(ID, NAME) VALUES (12, 'Computação Gráfica');
INSERT INTO TB_SUBJECT(ID, NAME) VALUES (13, 'Computação Simbólica e Numérica');
INSERT INTO TB_SUBJECT(ID, NAME) VALUES (14, 'Data Science');
INSERT INTO TB_SUBJECT(ID, NAME) VALUES (15, 'Desenvolvimento de Games');
INSERT INTO TB_SUBJECT(ID, NAME) VALUES (16, 'Desenvolvimento Web e Mobile');
INSERT INTO TB_SUBJECT(ID, NAME) VALUES (17, 'Eletiva Institucional');
INSERT INTO TB_SUBJECT(ID, NAME) VALUES (18, 'Engenharia de Software');
INSERT INTO TB_SUBJECT(ID, NAME) VALUES (19, 'Estatística e Probabilidade Computacional');
INSERT INTO TB_SUBJECT(ID, NAME) VALUES (20, 'Estrutura de Dados');
INSERT INTO TB_SUBJECT(ID, NAME) VALUES (21, 'Estrutura de Dados II');
INSERT INTO TB_SUBJECT(ID, NAME) VALUES (22, 'Gerência de Projetos');
INSERT INTO TB_SUBJECT(ID, NAME) VALUES (23, 'Iniciação ao Conhecimento Acadêmico');
INSERT INTO TB_SUBJECT(ID, NAME) VALUES (24, 'Inovação e Empreendedorismo em Tecnologia da Informação');
INSERT INTO TB_SUBJECT(ID, NAME) VALUES (25, 'Inteligência Artificial');
INSERT INTO TB_SUBJECT(ID, NAME) VALUES (26, 'Interação Humano-computador');
INSERT INTO TB_SUBJECT(ID, NAME) VALUES (27, 'Introdução à Computação');
INSERT INTO TB_SUBJECT(ID, NAME) VALUES (28, 'Laboratório de Engenharia de Software');
INSERT INTO TB_SUBJECT(ID, NAME) VALUES (29, 'Laboratório de Estrutura de Dados');
INSERT INTO TB_SUBJECT(ID, NAME) VALUES (30, 'Leitura e Produção de Textos');
INSERT INTO TB_SUBJECT(ID, NAME) VALUES (31, 'Linguagens de Programação');
INSERT INTO TB_SUBJECT(ID, NAME) VALUES (32, 'Linguagens Formais e Autômatos');
INSERT INTO TB_SUBJECT(ID, NAME) VALUES (33, 'Lógica e Álgebra Booleana');
INSERT INTO TB_SUBJECT(ID, NAME) VALUES (34, 'Matemática Discreta');
INSERT INTO TB_SUBJECT(ID, NAME) VALUES (35, 'Modelagem e Simulação de Sistemas');
INSERT INTO TB_SUBJECT(ID, NAME) VALUES (36, 'Processamento Digital de Imagens');
INSERT INTO TB_SUBJECT(ID, NAME) VALUES (37, 'Programação Orientada a Objetos');
INSERT INTO TB_SUBJECT(ID, NAME) VALUES (38, 'Programação Paralela e Distribuída');
INSERT INTO TB_SUBJECT(ID, NAME) VALUES (39, 'Projeto de Pesquisa, Desenvolvimento e Inovação (pd&i)');
INSERT INTO TB_SUBJECT(ID, NAME) VALUES (40, 'Redes de Computadores');
INSERT INTO TB_SUBJECT(ID, NAME) VALUES (41, 'Redes de Computadores II');
INSERT INTO TB_SUBJECT(ID, NAME) VALUES (42, 'Segurança e Auditoria de Sistemas');
INSERT INTO TB_SUBJECT(ID, NAME) VALUES (43, 'Sistemas Distribuídos');
INSERT INTO TB_SUBJECT(ID, NAME) VALUES (44, 'Sistemas Operacionais I');
INSERT INTO TB_SUBJECT(ID, NAME) VALUES (45, 'Sistemas Operacionais II');
INSERT INTO TB_SUBJECT(ID, NAME) VALUES (46, 'Sociologia da Ciência e da Tecnologia');
INSERT INTO TB_SUBJECT(ID, NAME) VALUES (47, 'Tecnologias Contemporâneas e Sociedade');
INSERT INTO TB_SUBJECT(ID, NAME) VALUES (48, 'Tecnologias para Gestão de Dados');
INSERT INTO TB_SUBJECT(ID, NAME) VALUES (49, 'Teoria da Computação');
INSERT INTO TB_SUBJECT(ID, NAME) VALUES (50, 'Teste de Software');
INSERT INTO TB_SUBJECT(ID, NAME) VALUES (51, 'Trabalho de Conclusão');
INSERT INTO TB_SUBJECT(ID, NAME) VALUES (52, 'Cálculo Diferencial e Integral');
INSERT INTO TB_SUBJECT(ID, NAME) VALUES (53, 'Tópicos em Ciência da Computação');
INSERT INTO TB_SUBJECT(ID, NAME) VALUES (54, 'Tópicos em Computação Aplicada');
INSERT INTO TB_SUBJECT(ID, NAME) VALUES (55, 'Álgebra Linear');
INSERT INTO TB_SUBJECT(ID, NAME) VALUES (56, 'Ética Geral');
INSERT INTO TB_SUBJECT(ID, NAME) VALUES (57, 'Auditoria de Sistemas');
INSERT INTO TB_SUBJECT(ID, NAME) VALUES (58, 'Engenharia de Usabilidade e Interfaces');
INSERT INTO TB_SUBJECT(ID, NAME) VALUES (59, 'Gerência de Projetos de TI');
INSERT INTO TB_SUBJECT(ID, NAME) VALUES (60, 'Gestão de Serviços para TI');
INSERT INTO TB_SUBJECT(ID, NAME) VALUES (61, 'Implementação de Banco de Dados');
INSERT INTO TB_SUBJECT(ID, NAME) VALUES (62, 'Linguagem Procedural para Banco de Dados');
INSERT INTO TB_SUBJECT(ID, NAME) VALUES (63, 'Língua Portuguesa');
INSERT INTO TB_SUBJECT(ID, NAME) VALUES (64, 'Matemática Computacional');
INSERT INTO TB_SUBJECT(ID, NAME) VALUES (65, 'Negócios Eletrônicos');
INSERT INTO TB_SUBJECT(ID, NAME) VALUES (66, 'Proj. Int. de Análise e Desenv. de Sistemas');
INSERT INTO TB_SUBJECT(ID, NAME) VALUES (67, 'Projeto de Banco de Dados');
INSERT INTO TB_SUBJECT(ID, NAME) VALUES (68, 'Segurança da Informação');
INSERT INTO TB_TEACHER(ID, NAME, CPF) VALUES(1, 'Assis Manoel', '456.987.213-02');
INSERT INTO TB_TEACHER(ID, NAME, CPF) VALUES(2, 'Orlando Maciel', '741.258.963-50');
INSERT INTO TB_TEACHER(ID, NAME, CPF) VALUES(3, 'José Carlos', '123.854.978-45');
INSERT INTO TB_TEACHER(ID, NAME, CPF) VALUES(4, 'Giovani Santos', '735.429.854-01');
INSERT INTO TB_TEACHER(ID, NAME, CPF) VALUES(5, 'Leandro Otacilio', '761.349.831-45');
INSERT INTO TB_COURSE(ID, NAME, WORKLOAD, COURSE_VALUE, MINIMUM_GRADE, MAXIMUM_GRADE) VALUES (1, 'Ciência da Computação', 3200, 4.785, 7.0, 10.0);
INSERT INTO TB_COURSE(ID, NAME, WORKLOAD, COURSE_VALUE, MINIMUM_GRADE, MAXIMUM_GRADE) VALUES (2, 'Análise e Desenvolvimento de Sistemas', 2200, 2.785, 7.0, 10.0);
INSERT INTO TB_STUDENT(ID, NAME, CPF, BIRTHDATE, EMAIL, COURSE_ID, ENROLLMENT_STATUS) VALUES (1, 'Danilo Ewerton', '123-456-789-10', '1995-09-04', 'danilo@email.com', 1, 'ACTIVE');
INSERT INTO TB_STUDENT(ID, NAME, CPF, BIRTHDATE, EMAIL, COURSE_ID, ENROLLMENT_STATUS) VALUES (2, 'João da Silva', '789-654-123-25', '1998-05-07', 'oao@email.com', 1, 'ACTIVE');
INSERT INTO TB_STUDENT(ID, NAME, CPF, BIRTHDATE, EMAIL, COURSE_ID, ENROLLMENT_STATUS) VALUES (3, 'Maria Regina', '456-321-789-47', '1999-04-10', 'maria@email.com', 2, 'ACTIVE');
INSERT INTO TB_STUDENT(ID, NAME, CPF, BIRTHDATE, EMAIL, COURSE_ID, ENROLLMENT_STATUS) VALUES (4, 'Sara Medeiros', '789-645-213-12', '1993-01-12', 'sara@email.com', 2, 'ACTIVE');
INSERT INTO TB_CLASS(ID, BEGIN_DATE, STATUS, VACANCY, ID_COURSE, SUBJECT_ID, TEACHER_ID) VALUES (1, '2022-05-10', 'ACTIVE', 5, 1, 1, 1);
INSERT INTO TB_CLASS(ID, BEGIN_DATE, STATUS, VACANCY, ID_COURSE, SUBJECT_ID, TEACHER_ID) VALUES (2, '2022-05-05', 'ACTIVE', 3, 2, 3, 4);
INSERT INTO TB_CLASS(ID, BEGIN_DATE, STATUS, VACANCY, ID_COURSE, SUBJECT_ID, TEACHER_ID) VALUES (3, '2022-05-01', 'ACTIVE', 10, 1, 5, 2);
INSERT INTO TB_CLASS(ID, BEGIN_DATE, STATUS, VACANCY, ID_COURSE, SUBJECT_ID, TEACHER_ID) VALUES (4, '2022-05-25', 'ACTIVE', 7, 2, 10, 5);
INSERT INTO TB_CLASS_STUDENTS(SCHOOL_CLASS_ID, STUDENTS_ID) VALUES (1, 1);
INSERT INTO TB_CLASS_STUDENTS(SCHOOL_CLASS_ID, STUDENTS_ID) VALUES (1, 3);
INSERT INTO TB_CLASS_STUDENTS(SCHOOL_CLASS_ID, STUDENTS_ID) VALUES (2, 2);
INSERT INTO TB_CLASS_STUDENTS(SCHOOL_CLASS_ID, STUDENTS_ID) VALUES (2, 4);
